node,node,cost
S1,S1,15
S1,S2,17
S1,S3,25
S1,S4,28
S1,S5,32
S1,S6,35
S1,S7,40
S1,S8,43
S1,S9,47
S1,S10,47
S1,S11,62
S1,S12,62
S1,S13,62
S1,S14,62
S2,S2,15
S2,S3,17
S2,S4,25
S2,S5,28
S2,S6,32
S2,S7,35
S2,S8,40
S2,S9,43
S2,S10,47
S2,S11,62
S2,S12,62
S2,S13,62
S2,S14,62
S2,CEN,0
S3,S3,15
S3,S4,17
S3,S5,25
S3,S6,28
S3,S7,32
S3,S8,35
S3,S9,40
S3,S10,43
S3,S11,58
S3,S12,58
S3,S13,58
S3,S14,58
S4,S4,15
S4,S5,17
S4,S6,25
S4,S7,28
S4,S8,32
S4,S9,35
S4,S10,40
S4,S11,55
S4,S12,55
S4,S13,55
S4,S14,55
S5,S5,15
S5,S6,17
S5,S7,25
S5,S8,28
S5,S9,32
S5,S10,35
S5,S11,50
S5,S12,50
S5,S13,50
S5,S14,50
S6,S6,15
S6,S7,17
S6,S8,25
S6,S9,28
S6,S10,32
S6,S11,47
S6,S12,47
S6,S13,47
S6,S14,47
S7,S7,15
S7,S8,17
S7,S9,25
S7,S10,28
S7,S11,43
S7,S12,43
S7,S13,43
S7,S14,43
S7,G01,0
S8,S8,15
S8,S9,17
S8,S10,17
S8,S11,32
S8,S12,32
S8,S13,32
S8,S14,32
S9,S9,15
S9,S10,17
S9,S11,32
S9,S12,32
S9,S13,32
S9,S14,32
S9,G01,0
S10,S10,15
S10,S11,15
S10,S12,15
S10,S13,15
S10,S14,15
S11,S11,15
S11,S12,15
S11,S13,15
S11,S14,15
S12,S12,15
S12,S13,15
S12,S14,15
S13,S13,15
S13,S14,15
S14,S14,15
S14,BL34,0
YL01,YL01,15
YL01,YL02,19
YL01,YL03,23
YL01,YL04,27
YL01,YL05,30
YL01,YL06,33
YL01,YL07,36
YL01,YL08,39
YL01,YL09,42
YL01,YL10,45
YL01,YL11,45
YL01,YL12,45
YL01,YL13,45
YL01,YL14,45
YL01,YL15,45
YL01,YL16,45
YL01,YL17,45
YL01,YL18,45
YL01,YL19,45
YL01,YL20,45
YL01,YL21,45
YL01,YL22,45
YL01,YL23,45
YL01,BL15,0
YL02,YL02,15
YL02,YL03,19
YL02,YL04,24
YL02,YL05,26
YL02,YL06,29
YL02,YL07,31
YL02,YL08,36
YL02,YL09,39
YL02,YL10,42
YL02,YL11,45
YL02,YL12,45
YL02,YL13,45
YL02,YL14,45
YL02,YL15,45
YL02,YL16,45
YL02,YL17,45
YL02,YL18,45
YL02,YL19,45
YL02,YL20,45
YL02,YL21,45
YL02,YL22,45
YL02,YL23,45
YL03,YL03,15
YL03,YL04,21
YL03,YL05,23
YL03,YL06,26
YL03,YL07,28
YL03,YL08,31
YL03,YL09,35
YL03,YL10,39
YL03,YL11,43
YL03,YL12,45
YL03,YL13,45
YL03,YL14,45
YL03,YL15,45
YL03,YL16,45
YL03,YL17,45
YL03,YL18,45
YL03,YL19,45
YL03,YL20,45
YL03,YL21,45
YL03,YL22,45
YL03,YL23,45
YL04,YL04,15
YL04,YL05,18
YL04,YL06,22
YL04,YL07,24
YL04,YL08,27
YL04,YL09,30
YL04,YL10,33
YL04,YL11,38
YL04,YL12,42
YL04,YL13,45
YL04,YL14,45
YL04,YL15,45
YL04,YL16,45
YL04,YL17,45
YL04,YL18,45
YL04,YL19,45
YL04,YL20,45
YL04,YL21,45
YL04,YL22,45
YL04,YL23,45
YL05,YL05,15
YL05,YL06,19
YL05,YL07,22
YL05,YL08,25
YL05,YL09,28
YL05,YL10,31
YL05,YL11,36
YL05,YL12,40
YL05,YL13,44
YL05,YL14,45
YL05,YL15,45
YL05,YL16,45
YL05,YL17,45
YL05,YL18,45
YL05,YL19,45
YL05,YL20,45
YL05,YL21,45
YL05,YL22,45
YL05,YL23,45
YL06,YL06,15
YL06,YL07,18
YL06,YL08,22
YL06,YL09,25
YL06,YL10,28
YL06,YL11,32
YL06,YL12,37
YL06,YL13,41
YL06,YL14,44
YL06,YL15,45
YL06,YL16,45
YL06,YL17,45
YL06,YL18,45
YL06,YL19,45
YL06,YL20,45
YL06,YL21,45
YL06,YL22,45
YL06,YL23,45
YL07,YL07,15
YL07,YL08,19
YL07,YL09,23
YL07,YL10,26
YL07,YL11,30
YL07,YL12,33
YL07,YL13,39
YL07,YL14,42
YL07,YL15,45
YL07,YL16,45
YL07,YL17,45
YL07,YL18,45
YL07,YL19,45
YL07,YL20,45
YL07,YL21,45
YL07,YL22,45
YL07,YL23,45
YL08,YL08,15
YL08,YL09,18
YL08,YL10,23
YL08,YL11,27
YL08,YL12,30
YL08,YL13,35
YL08,YL14,38
YL08,YL15,41
YL08,YL16,45
YL08,YL17,45
YL08,YL18,45
YL08,YL19,45
YL08,YL20,45
YL08,YL21,45
YL08,YL22,45
YL08,YL23,45
YL09,YL09,15
YL09,YL10,19
YL09,YL11,24
YL09,YL12,27
YL09,YL13,31
YL09,YL14,35
YL09,YL15,38
YL09,YL16,42
YL09,YL17,45
YL09,YL18,45
YL09,YL19,45
YL09,YL20,45
YL09,YL21,45
YL09,YL22,45
YL09,YL23,45
YL10,YL10,15
YL10,YL11,21
YL10,YL12,24
YL10,YL13,28
YL10,YL14,31
YL10,YL15,35
YL10,YL16,39
YL10,YL17,42
YL10,YL18,45
YL10,YL19,45
YL10,YL20,45
YL10,YL21,45
YL10,YL22,45
YL10,YL23,45
YL11,YL11,15
YL11,YL12,19
YL11,YL13,24
YL11,YL14,27
YL11,YL15,30
YL11,YL16,35
YL11,YL17,38
YL11,YL18,41
YL11,YL19,45
YL11,YL20,45
YL11,YL21,45
YL11,YL22,45
YL11,YL23,45
YL12,YL12,15
YL12,YL13,21
YL12,YL14,24
YL12,YL15,27
YL12,YL16,31
YL12,YL17,33
YL12,YL18,38
YL12,YL19,42
YL12,YL20,45
YL12,YL21,45
YL12,YL22,45
YL12,YL23,45
YL13,YL13,15
YL13,YL14,18
YL13,YL15,22
YL13,YL16,27
YL13,YL17,29
YL13,YL18,33
YL13,YL19,38
YL13,YL20,41
YL13,YL21,44
YL13,YL22,45
YL13,YL23,45
YL14,YL14,15
YL14,YL15,18
YL14,YL16,24
YL14,YL17,26
YL14,YL18,30
YL14,YL19,35
YL14,YL20,38
YL14,YL21,41
YL14,YL22,45
YL14,YL23,45
YL15,YL15,15
YL15,YL16,21
YL15,YL17,23
YL15,YL18,27
YL15,YL19,31
YL15,YL20,35
YL15,YL21,38
YL15,YL22,42
YL15,YL23,45
YL16,YL16,15
YL16,YL17,18
YL16,YL18,23
YL16,YL19,27
YL16,YL20,30
YL16,YL21,33
YL16,YL22,38
YL16,YL23,45
YL17,YL17,15
YL17,YL18,19
YL17,YL19,24
YL17,YL20,28
YL17,YL21,30
YL17,YL22,36
YL17,YL23,40
YL18,YL18,15
YL18,YL19,19
YL18,YL20,24
YL18,YL21,27
YL18,YL22,31
YL18,YL23,36
YL19,YL19,15
YL19,YL20,19
YL19,YL21,23
YL19,YL22,27
YL19,YL23,32
YL20,YL20,15
YL20,YL21,18
YL20,YL22,24
YL20,YL23,28
YL21,YL21,15
YL21,YL22,21
YL21,YL23,25
YL22,YL22,15
YL22,YL23,21
YL23,YL23,15
YL23,E15,0
PP01,PP02,17
PP01,PP03,20
PP01,PP04,20
PP01,PP05,20
PP01,PP06,20
PP01,PP07,20
PP01,PP08,20
PP01,PP09,20
PP01,PP10,20
PP01,PP11,20
PP01,PP12,20
PP01,PP13,20
PP01,PP14,20
PP01,PP15,20
PP01,PP16,20
PP02,PP02,14
PP02,PP03,17
PP02,PP04,20
PP02,PP05,20
PP02,PP06,20
PP02,PP07,20
PP02,PP08,20
PP02,PP09,20
PP02,PP10,20
PP02,PP11,20
PP02,PP12,20
PP02,PP13,20
PP02,PP14,20
PP02,PP15,20
PP02,PP16,20
PP03,PP03,14
PP03,PP04,17
PP03,PP05,20
PP03,PP06,20
PP03,PP07,20
PP03,PP08,20
PP03,PP09,20
PP03,PP10,20
PP03,PP11,20
PP03,PP12,20
PP03,PP13,20
PP03,PP14,20
PP03,PP15,20
PP03,PP16,20
PP04,PP04,14
PP04,PP05,16
PP04,PP06,20
PP04,PP07,20
PP04,PP08,20
PP04,PP09,20
PP04,PP10,20
PP04,PP11,20
PP04,PP12,20
PP04,PP13,20
PP04,PP14,20
PP04,PP15,20
PP04,PP16,20
PP05,PP05,14
PP05,PP06,16
PP05,PP07,20
PP05,PP08,20
PP05,PP09,20
PP05,PP10,20
PP05,PP11,20
PP05,PP12,20
PP05,PP13,20
PP05,PP14,20
PP05,PP15,20
PP05,PP16,20
PP06,PP06,14
PP06,PP07,17
PP06,PP08,20
PP06,PP09,20
PP06,PP10,20
PP06,PP11,20
PP06,PP12,20
PP06,PP13,20
PP06,PP14,20
PP06,PP15,20
PP06,PP16,20
PP07,PP07,14
PP07,PP08,17
PP07,PP09,20
PP07,PP10,20
PP07,PP11,20
PP07,PP12,20
PP07,PP13,20
PP07,PP14,20
PP07,PP15,20
PP07,PP16,20
PP08,PP08,14
PP08,PP09,17
PP08,PP10,20
PP08,PP11,20
PP08,PP12,20
PP08,PP13,20
PP08,PP14,20
PP08,PP15,20
PP08,PP16,20
PP09,PP09,14
PP09,PP10,16
PP09,PP11,20
PP09,PP12,20
PP09,PP13,20
PP09,PP14,20
PP09,PP15,20
PP09,PP16,20
PP10,PP10,14
PP10,PP11,16
PP10,PP12,20
PP10,PP13,20
PP10,PP14,20
PP10,PP15,20
PP10,PP16,20
PP11,PP11,14
PP11,PP12,17
PP11,PP13,20
PP11,PP14,20
PP11,PP15,20
PP11,PP16,20
PP11,PK01,0
PP12,PP12,14
PP12,PP13,16
PP12,PP14,20
PP12,PP15,20
PP12,PP16,20
PP13,PP13,14
PP13,PP14,17
PP13,PP15,20
PP13,PP16,20
PP14,PP14,14
PP14,PP15,17
PP14,PP16,20
PP15,PP15,14
PP15,PP16,17
PP16,PP16,14
PP16,BL10,0
PK01,PK01,15
PK01,PK02,18
PK01,PK03,23
PK01,PK04,28
PK01,PK05,30
PK01,PK06,34
PK01,PK07,37
PK01,PK08,41
PK01,PK09,44
PK01,PK10,45
PK01,PK11,45
PK01,PK12,45
PK01,PK14,45
PK01,PK15,45
PK01,PK16,45
PK01,PK17,45
PK01,PK18,45
PK01,PK19,45
PK01,PK20,45
PK01,PK21,45
PK01,PK22,45
PK01,PK23,45
PK01,PK24,45
PK01,PK25,45
PK01,PK26,45
PK01,PK27,45
PK01,PK28,45
PK01,PK29,45
PK01,PK30,45
PK01,PP11,0
PK02,PK02,15
PK02,PK03,19
PK02,PK04,25
PK02,PK05,28
PK02,PK06,30
PK02,PK07,34
PK02,PK08,38
PK02,PK09,41
PK02,PK10,44
PK02,PK11,45
PK02,PK12,45
PK02,PK13,45
PK02,PK14,45
PK02,PK15,45
PK02,PK16,45
PK02,PK17,45
PK02,PK18,45
PK02,PK19,45
PK02,PK20,45
PK02,PK21,45
PK02,PK22,45
PK02,PK23,45
PK02,PK24,45
PK02,PK25,45
PK02,PK26,45
PK02,PK27,45
PK02,PK28,45
PK02,PK29,45
PK02,PK30,45
PK03,PK03,15
PK03,PK04,21
PK03,PK05,24
PK03,PK06,26
PK03,PK07,29
PK03,PK08,34
PK03,PK09,38
PK03,PK10,40
PK03,PK11,44
PK03,PK12,45
PK03,PK13,45
PK03,PK14,45
PK03,PK15,45
PK03,PK16,45
PK03,PK17,45
PK03,PK18,45
PK03,PK19,45
PK03,PK20,45
PK03,PK21,45
PK03,PK22,45
PK03,PK23,45
PK03,PK24,45
PK03,PK25,45
PK03,PK26,45
PK03,PK27,45
PK03,PK28,45
PK03,PK29,45
PK03,PK30,45
PK04,PK04,15
PK04,PK05,18
PK04,PK06,22
PK04,PK07,25
PK04,PK08,29
PK04,PK09,32
PK04,PK10,36
PK04,PK11,39
PK04,PK12,41
PK04,PK13,44
PK04,PK14,45
PK04,PK15,45
PK04,PK16,45
PK04,PK17,45
PK04,PK18,45
PK04,PK19,45
PK04,PK20,45
PK04,PK21,45
PK04,PK22,45
PK04,PK23,45
PK04,PK24,45
PK04,PK25,45
PK04,PK26,45
PK04,PK27,45
PK04,PK28,45
PK04,PK29,45
PK04,PK30,45
PK05,PK05,15
PK05,PK06,18
PK05,PK07,22
PK05,PK08,26
PK05,PK09,29
PK05,PK10,32
PK05,PK11,36
PK05,PK12,39
PK05,PK13,41
PK05,PK14,43
PK05,PK15,45
PK05,PK16,45
PK05,PK17,45
PK05,PK18,45
PK05,PK19,45
PK05,PK20,45
PK05,PK21,45
PK05,PK22,45
PK05,PK23,45
PK05,PK24,45
PK05,PK25,45
PK05,PK26,45
PK05,PK27,45
PK05,PK28,45
PK05,PK29,45
PK05,PK30,45
PK06,PK06,15
PK06,PK07,18
PK06,PK08,23
PK06,PK09,27
PK06,PK10,29
PK06,PK11,34
PK06,PK12,36
PK06,PK13,39
PK06,PK14,41
PK06,PK15,43
PK06,PK16,45
PK06,PK17,45
PK06,PK18,45
PK06,PK19,45
PK06,PK20,45
PK06,PK21,45
PK06,PK22,45
PK06,PK23,45
PK06,PK24,45
PK06,PK25,45
PK06,PK26,45
PK06,PK27,45
PK06,PK28,45
PK06,PK29,45
PK06,PK30,45
PK07,PK07,15
PK07,PK08,19
PK07,PK09,24
PK07,PK10,26
PK07,PK11,30
PK07,PK12,32
PK07,PK13,36
PK07,PK14,38
PK07,PK15,40
PK07,PK16,43
PK07,PK17,45
PK07,PK18,45
PK07,PK19,45
PK07,PK20,45
PK07,PK21,45
PK07,PK22,45
PK07,PK23,45
PK07,PK24,45
PK07,PK25,45
PK07,PK26,45
PK07,PK27,45
PK07,PK28,45
PK07,PK29,45
PK07,PK30,45
PK08,PK08,15
PK08,PK09,19
PK08,PK10,23
PK08,PK11,26
PK08,PK12,28
PK08,PK13,31
PK08,PK14,34
PK08,PK15,36
PK08,PK16,39
PK08,PK17,41
PK08,PK18,45
PK08,PK19,45
PK08,PK20,45
PK08,PK21,45
PK08,PK22,45
PK08,PK23,45
PK08,PK24,45
PK08,PK25,45
PK08,PK26,45
PK08,PK27,45
PK08,PK28,45
PK08,PK29,45
PK08,PK30,45
PK09,PK09,15
PK09,PK10,18
PK09,PK11,23
PK09,PK12,25
PK09,PK13,28
PK09,PK14,30
PK09,PK15,32
PK09,PK16,36
PK09,PK17,38
PK09,PK18,43
PK09,PK19,45
PK09,PK20,45
PK09,PK21,45
PK09,PK22,45
PK09,PK23,45
PK09,PK24,45
PK09,PK25,45
PK09,PK26,45
PK09,PK27,45
PK09,PK28,45
PK09,PK29,45
PK09,PK30,45
PK10,PK10,15
PK10,PK11,19
PK10,PK12,22
PK10,PK13,25
PK10,PK14,27
PK10,PK15,29
PK10,PK16,32
PK10,PK17,35
PK10,PK18,40
PK10,PK19,42
PK10,PK20,44
PK10,PK21,45
PK10,PK22,45
PK10,PK23,45
PK10,PK24,45
PK10,PK25,45
PK10,PK26,45
PK10,PK27,45
PK10,PK28,45
PK10,PK29,45
PK10,PK30,45
PK11,PK11,15
PK11,PK12,18
PK11,PK13,21
PK11,PK14,23
PK11,PK15,26
PK11,PK16,28
PK11,PK17,30
PK11,PK18,36
PK11,PK19,39
PK11,PK20,41
PK11,PK21,44
PK11,PK22,45
PK11,PK23,45
PK11,PK24,45
PK11,PK25,45
PK11,PK26,45
PK11,PK27,45
PK11,PK28,45
PK11,PK29,45
PK11,PK30,45
PK12,PK12,15
PK12,PK13,18
PK12,PK14,21
PK12,PK15,23
PK12,PK16,26
PK12,PK17,28
PK12,PK18,34
PK12,PK19,37
PK12,PK20,39
PK12,PK21,42
PK12,PK22,44
PK12,PK23,45
PK12,PK24,45
PK12,PK25,45
PK12,PK26,45
PK12,PK27,45
PK12,PK28,45
PK12,PK29,45
PK12,PK30,45
PK13,PK13,15
PK13,PK14,18
PK13,PK15,21
PK13,PK16,24
PK13,PK17,26
PK13,PK18,30
PK13,PK19,34
PK13,PK20,36
PK13,PK21,40
PK13,PK22,42
PK13,PK23,45
PK13,PK24,45
PK13,PK25,45
PK13,PK26,45
PK13,PK27,45
PK13,PK28,45
PK13,PK29,45
PK13,PK30,45
PK14,PK14,15
PK14,PK15,18
PK14,PK16,21
PK14,PK17,23
PK14,PK18,28
PK14,PK19,31
PK14,PK20,34
PK14,PK21,37
PK14,PK22,40
PK14,PK23,42
PK14,PK24,45
PK14,PK25,45
PK14,PK26,45
PK14,PK27,45
PK14,PK28,45
PK14,PK29,45
PK14,PK30,45
PK14,R05,0
PK15,PK15,15
PK15,PK16,18
PK15,PK17,21
PK15,PK18,26
PK15,PK19,29
PK15,PK20,31
PK15,PK21,35
PK15,PK22,37
PK15,PK23,40
PK15,PK24,43
PK15,PK25,45
PK15,PK26,45
PK15,PK27,45
PK15,PK28,45
PK15,PK29,45
PK15,PK30,45
PK16,PK16,15
PK16,PK17,17
PK16,PK18,23
PK16,PK19,26
PK16,PK20,28
PK16,PK21,31
PK16,PK22,35
PK16,PK23,37
PK16,PK24,41
PK16,PK25,44
PK16,PK26,45
PK16,PK27,45
PK16,PK28,45
PK16,PK29,45
PK16,PK30,45
PK16,N17,0
PK17,PK17,15
PK17,PK18,21
PK17,PK19,24
PK17,PK20,26
PK17,PK21,29
PK17,PK22,32
PK17,PK23,36
PK17,PK24,39
PK17,PK25,43
PK17,PK26,45
PK17,PK27,45
PK17,PK28,45
PK17,PK29,45
PK17,PK30,45
PK18,PK18,15
PK18,PK19,18
PK18,PK20,21
PK18,PK21,25
PK18,PK22,27
PK18,PK23,30
PK18,PK24,34
PK18,PK25,38
PK18,PK26,42
PK18,PK27,45
PK18,PK28,45
PK18,PK29,45
PK18,PK30,45
PK19,PK19,15
PK19,PK20,17
PK19,PK21,22
PK19,PK22,24
PK19,PK23,27
PK19,PK24,30
PK19,PK25,35
PK19,PK26,39
PK19,PK27,44
PK19,PK28,45
PK19,PK29,45
PK19,PK30,45
PK20,PK20,15
PK20,PK21,19
PK20,PK22,22
PK20,PK23,25
PK20,PK24,28
PK20,PK25,32
PK20,PK26,37
PK20,PK27,42
PK20,PK28,44
PK20,PK29,45
PK20,PK30,45
PK21,PK21,15
PK21,PK22,18
PK21,PK23,22
PK21,PK24,25
PK21,PK25,29
PK21,PK26,34
PK21,PK27,38
PK21,PK28,41
PK21,PK29,45
PK21,PK30,45
PK22,PK22,15
PK22,PK23,18
PK22,PK24,22
PK22,PK25,26
PK22,PK26,30
PK22,PK27,36
PK22,PK28,38
PK22,PK29,42
PK22,PK30,45
PK23,PK23,15
PK23,PK24,19
PK23,PK25,23
PK23,PK26,28
PK23,PK27,32
PK23,PK28,36
PK23,PK29,39
PK23,PK30,42
PK24,PK24,15
PK24,PK25,19
PK24,PK26,24
PK24,PK27,29
PK24,PK28,32
PK24,PK29,36
PK24,PK30,39
PK25,PK25,15
PK25,PK26,21
PK25,PK27,25
PK25,PK28,28
PK25,PK29,32
PK25,PK30,35
PK26,PK26,15
PK26,PK27,21
PK26,PK28,24
PK26,PK29,27
PK26,PK30,30
PK27,PK27,15
PK27,PK28,18
PK27,PK29,23
PK27,PK30,25
PK28,PK28,15
PK28,PK29,19
PK28,PK30,23
PK29,PK29,15
PK29,PK30,18
PK30,PK30,15
BL01,BL01,17
BL01,BL02,17
BL01,BL03,20
BL01,BL04,22
BL01,BL05,25
BL01,BL06,27
BL01,BL07,30
BL01,BL08,32
BL01,BL09,35
BL01,BL10,37
BL01,BL11,40
BL01,BL12,42
BL01,BL13,45
BL01,BL14,45
BL01,BL15,45
BL01,BL16,45
BL01,BL17,45
BL01,BL18,45
BL01,BL19,45
BL01,BL20,45
BL01,BL21,45
BL01,BL22,45
BL01,BL23,45
BL01,BL24,45
BL01,BL25,45
BL01,BL26,45
BL01,BL27,45
BL01,BL28,45
BL01,BL29,45
BL01,BL30,45
BL01,BL31,45
BL01,BL32,45
BL01,BL33,45
BL01,BL34,45
BL01,BL35,45
BL01,BL36,45
BL01,BL37,45
BL01,BL38,45
BL02,BL02,17
BL02,BL03,17
BL02,BL04,20
BL02,BL05,22
BL02,BL06,25
BL02,BL07,27
BL02,BL08,30
BL02,BL09,32
BL02,BL10,35
BL02,BL11,37
BL02,BL12,40
BL02,BL13,42
BL02,BL14,45
BL02,BL15,45
BL02,BL16,45
BL02,BL17,45
BL02,BL18,45
BL02,BL19,45
BL02,BL20,45
BL02,BL21,45
BL02,BL22,45
BL02,BL23,45
BL02,BL24,45
BL02,BL25,45
BL02,BL26,45
BL02,BL27,45
BL02,BL28,45
BL02,BL29,45
BL02,BL30,45
BL02,BL31,45
BL02,BL32,45
BL02,BL33,45
BL02,BL34,45
BL02,BL35,45
BL02,BL36,45
BL02,BL37,45
BL02,BL38,45
BL03,BL03,17
BL03,BL04,17
BL03,BL05,20
BL03,BL06,22
BL03,BL07,25
BL03,BL08,27
BL03,BL09,30
BL03,BL10,32
BL03,BL11,35
BL03,BL12,37
BL03,BL13,40
BL03,BL14,42
BL03,BL15,45
BL03,BL16,45
BL03,BL17,45
BL03,BL18,45
BL03,BL19,45
BL03,BL20,45
BL03,BL21,45
BL03,BL22,45
BL03,BL23,45
BL03,BL24,45
BL03,BL25,45
BL03,BL26,45
BL03,BL27,45
BL03,BL28,45
BL03,BL29,45
BL03,BL30,45
BL03,BL31,45
BL03,BL32,45
BL03,BL33,45
BL03,BL34,45
BL03,BL35,45
BL03,BL36,45
BL03,BL37,45
BL03,BL38,45
BL04,BL04,17
BL04,BL05,17
BL04,BL06,20
BL04,BL07,22
BL04,BL08,25
BL04,BL09,27
BL04,BL10,30
BL04,BL11,32
BL04,BL12,35
BL04,BL13,37
BL04,BL14,40
BL04,BL15,42
BL04,BL16,45
BL04,BL17,45
BL04,BL18,45
BL04,BL19,45
BL04,BL20,45
BL04,BL21,45
BL04,BL22,45
BL04,BL23,45
BL04,BL24,45
BL04,BL25,45
BL04,BL26,45
BL04,BL27,45
BL04,BL28,45
BL04,BL29,45
BL04,BL30,45
BL04,BL31,45
BL04,BL32,45
BL04,BL33,45
BL04,BL34,45
BL04,BL35,45
BL04,BL36,45
BL04,BL37,45
BL04,BL38,45
BL05,BL05,17
BL05,BL06,17
BL05,BL07,20
BL05,BL08,22
BL05,BL09,25
BL05,BL10,27
BL05,BL11,30
BL05,BL12,32
BL05,BL13,35
BL05,BL14,37
BL05,BL15,40
BL05,BL16,42
BL05,BL17,45
BL05,BL18,45
BL05,BL19,45
BL05,BL20,45
BL05,BL21,45
BL05,BL22,45
BL05,BL23,45
BL05,BL24,45
BL05,BL25,45
BL05,BL26,45
BL05,BL27,45
BL05,BL28,45
BL05,BL29,45
BL05,BL30,45
BL05,BL31,45
BL05,BL32,45
BL05,BL33,45
BL05,BL34,45
BL05,BL35,45
BL05,BL36,45
BL05,BL37,45
BL05,BL38,45
BL06,BL06,17
BL06,BL07,17
BL06,BL08,20
BL06,BL09,22
BL06,BL10,25
BL06,BL11,27
BL06,BL12,30
BL06,BL13,32
BL06,BL14,35
BL06,BL15,37
BL06,BL16,40
BL06,BL17,42
BL06,BL18,45
BL06,BL19,45
BL06,BL20,45
BL06,BL21,45
BL06,BL22,45
BL06,BL23,45
BL06,BL24,45
BL06,BL25,45
BL06,BL26,45
BL06,BL27,45
BL06,BL28,45
BL06,BL29,45
BL06,BL30,45
BL06,BL31,45
BL06,BL32,45
BL06,BL33,45
BL06,BL34,45
BL06,BL35,45
BL06,BL36,45
BL06,BL37,45
BL06,BL38,45
BL07,BL07,17
BL07,BL08,17
BL07,BL09,20
BL07,BL10,22
BL07,BL11,25
BL07,BL12,27
BL07,BL13,30
BL07,BL14,32
BL07,BL15,35
BL07,BL16,37
BL07,BL17,40
BL07,BL18,42
BL07,BL19,45
BL07,BL20,45
BL07,BL21,45
BL07,BL22,45
BL07,BL23,45
BL07,BL24,45
BL07,BL25,45
BL07,BL26,45
BL07,BL27,45
BL07,BL28,45
BL07,BL29,45
BL07,BL30,45
BL07,BL31,45
BL07,BL32,45
BL07,BL33,45
BL07,BL34,45
BL07,BL35,45
BL07,BL36,45
BL07,BL37,45
BL07,BL38,45
BL08,BL08,17
BL08,BL09,17
BL08,BL10,20
BL08,BL11,22
BL08,BL12,25
BL08,BL13,27
BL08,BL14,30
BL08,BL15,32
BL08,BL16,35
BL08,BL17,37
BL08,BL18,40
BL08,BL19,42
BL08,BL20,45
BL08,BL21,45
BL08,BL22,45
BL08,BL23,45
BL08,BL24,45
BL08,BL25,45
BL08,BL26,45
BL08,BL27,45
BL08,BL28,45
BL08,BL29,45
BL08,BL30,45
BL08,BL31,45
BL08,BL32,45
BL08,BL33,45
BL08,BL34,45
BL08,BL35,45
BL08,BL36,45
BL08,BL37,45
BL08,BL38,45
BL09,BL09,17
BL09,BL10,17
BL09,BL11,20
BL09,BL12,22
BL09,BL13,25
BL09,BL14,27
BL09,BL15,30
BL09,BL16,32
BL09,BL17,35
BL09,BL18,37
BL09,BL19,40
BL09,BL20,42
BL09,BL21,45
BL09,BL22,45
BL09,BL23,45
BL09,BL24,45
BL09,BL25,45
BL09,BL26,45
BL09,BL27,45
BL09,BL28,45
BL09,BL29,45
BL09,BL30,45
BL09,BL31,45
BL09,BL32,45
BL09,BL33,45
BL09,BL34,45
BL09,BL35,45
BL09,BL36,45
BL09,BL37,45
BL09,BL38,45
BL10,BL10,17
BL10,BL11,17
BL10,BL12,20
BL10,BL13,22
BL10,BL14,25
BL10,BL15,27
BL10,BL16,30
BL10,BL17,32
BL10,BL18,35
BL10,BL19,37
BL10,BL20,40
BL10,BL21,42
BL10,BL22,45
BL10,BL23,45
BL10,BL24,45
BL10,BL25,45
BL10,BL26,45
BL10,BL27,45
BL10,BL28,45
BL10,BL29,45
BL10,BL30,45
BL10,BL31,45
BL10,BL32,45
BL10,BL33,45
BL10,BL34,45
BL10,BL35,45
BL10,BL36,45
BL10,BL37,45
BL10,BL38,45
BL11,BL11,17
BL11,BL12,17
BL11,BL13,20
BL11,BL14,22
BL11,BL15,25
BL11,BL16,27
BL11,BL17,30
BL11,BL18,32
BL11,BL19,35
BL11,BL20,37
BL11,BL21,40
BL11,BL22,42
BL11,BL23,45
BL11,BL24,45
BL11,BL25,45
BL11,BL26,45
BL11,BL27,45
BL11,BL28,45
BL11,BL29,45
BL11,BL30,45
BL11,BL31,45
BL11,BL32,45
BL11,BL33,45
BL11,BL34,45
BL11,BL35,45
BL11,BL36,45
BL11,BL37,45
BL11,BL38,45
BL12,BL12,17
BL12,BL13,17
BL12,BL14,20
BL12,BL15,22
BL12,BL16,25
BL12,BL17,27
BL12,BL18,30
BL12,BL19,32
BL12,BL20,35
BL12,BL21,37
BL12,BL22,40
BL12,BL23,42
BL12,BL24,45
BL12,BL25,45
BL12,BL26,45
BL12,BL27,45
BL12,BL28,45
BL12,BL29,45
BL12,BL30,45
BL12,BL31,45
BL12,BL32,45
BL12,BL33,45
BL12,BL34,45
BL12,BL35,45
BL12,BL36,45
BL12,BL38,45
BL13,BL13,17
BL13,BL14,17
BL13,BL15,20
BL13,BL16,22
BL13,BL17,25
BL13,BL18,27
BL13,BL19,30
BL13,BL20,32
BL13,BL21,35
BL13,BL22,37
BL13,BL23,40
BL13,BL24,42
BL13,BL25,45
BL13,BL26,45
BL13,BL27,45
BL13,BL28,45
BL13,BL29,45
BL13,BL30,45
BL13,BL31,45
BL13,BL32,45
BL13,BL33,45
BL13,BL34,45
BL13,BL35,45
BL13,BL36,45
BL13,BL37,45
BL13,BL38,45
BL13,N08,0
BL14,BL14,17
BL14,BL15,17
BL14,BL16,20
BL14,BL17,22
BL14,BL18,25
BL14,BL19,27
BL14,BL20,30
BL14,BL21,32
BL14,BL22,35
BL14,BL23,37
BL14,BL24,40
BL14,BL25,42
BL14,BL26,45
BL14,BL27,45
BL14,BL28,45
BL14,BL29,45
BL14,BL30,45
BL14,BL31,45
BL14,BL32,45
BL14,BL33,45
BL14,BL34,45
BL14,BL35,45
BL14,BL36,45
BL14,BL37,45
BL14,BL38,45
BL14,N09,0
BL15,BL15,17
BL15,BL16,17
BL15,BL17,20
BL15,BL18,22
BL15,BL19,25
BL15,BL20,27
BL15,BL21,30
BL15,BL22,32
BL15,BL23,35
BL15,BL24,37
BL15,BL25,40
BL15,BL26,42
BL15,BL27,45
BL15,BL28,45
BL15,BL29,45
BL15,BL30,45
BL15,BL31,45
BL15,BL32,45
BL15,BL33,45
BL15,BL34,45
BL15,BL35,45
BL15,BL36,45
BL15,BL37,45
BL15,BL38,45
BL15,YL01,0
BL16,BL16,17
BL16,BL17,17
BL16,BL18,20
BL16,BL19,22
BL16,BL20,25
BL16,BL21,27
BL16,BL22,30
BL16,BL23,32
BL16,BL24,35
BL16,BL25,37
BL16,BL26,40
BL16,BL27,42
BL16,BL28,45
BL16,BL29,45
BL16,BL30,45
BL16,BL31,45
BL16,BL32,45
BL16,BL33,45
BL16,BL34,45
BL16,BL35,45
BL16,BL36,45
BL16,BL37,45
BL16,BL38,45
BL17,BL17,17
BL17,BL18,17
BL17,BL19,20
BL17,BL20,22
BL17,BL21,25
BL17,BL22,27
BL17,BL23,30
BL17,BL24,32
BL17,BL25,35
BL17,BL26,37
BL17,BL27,40
BL17,BL28,42
BL17,BL29,45
BL17,BL30,45
BL17,BL31,45
BL17,BL32,45
BL17,BL33,45
BL17,BL34,45
BL17,BL35,45
BL17,BL36,45
BL17,BL37,45
BL17,BL38,45
BL18,BL18,17
BL18,BL19,17
BL18,BL20,20
BL18,BL21,22
BL18,BL22,25
BL18,BL23,27
BL18,BL24,30
BL18,BL25,32
BL18,BL26,35
BL18,BL27,37
BL18,BL28,40
BL18,BL29,42
BL18,BL30,45
BL18,BL31,45
BL18,BL32,45
BL18,BL33,45
BL18,BL34,45
BL18,BL35,45
BL18,BL36,45
BL18,BL37,45
BL18,BL38,45
BL19,BL19,17
BL19,BL20,17
BL19,BL21,20
BL19,BL22,22
BL19,BL23,25
BL19,BL24,27
BL19,BL25,30
BL19,BL26,32
BL19,BL27,35
BL19,BL28,37
BL19,BL29,40
BL19,BL30,42
BL19,BL31,45
BL19,BL32,45
BL19,BL33,45
BL19,BL34,45
BL19,BL35,45
BL19,BL36,45
BL19,BL37,45
BL19,BL38,45
BL20,BL20,17
BL20,BL21,17
BL20,BL22,20
BL20,BL23,22
BL20,BL24,25
BL20,BL25,27
BL20,BL26,30
BL20,BL27,32
BL20,BL28,35
BL20,BL29,37
BL20,BL30,40
BL20,BL31,42
BL20,BL32,45
BL20,BL33,45
BL20,BL34,45
BL20,BL35,45
BL20,BL36,45
BL20,BL37,45
BL20,BL38,45
BL21,BL21,17
BL21,BL22,17
BL21,BL23,20
BL21,BL24,22
BL21,BL25,25
BL21,BL26,27
BL21,BL27,30
BL21,BL28,32
BL21,BL29,35
BL21,BL30,37
BL21,BL31,40
BL21,BL32,42
BL21,BL33,45
BL21,BL34,45
BL21,BL35,45
BL21,BL36,45
BL21,BL37,45
BL21,BL38,45
BL22,BL22,17
BL22,BL23,17
BL22,BL24,20
BL22,BL25,22
BL22,BL26,25
BL22,BL27,27
BL22,BL28,30
BL22,BL29,32
BL22,BL30,35
BL22,BL31,37
BL22,BL32,40
BL22,BL33,42
BL22,BL34,45
BL22,BL35,45
BL22,BL36,45
BL22,BL37,45
BL22,BL38,45
BL22,E04,0
BL23,BL23,17
BL23,BL24,17
BL23,BL25,20
BL23,BL26,22
BL23,BL27,25
BL23,BL28,27
BL23,BL29,30
BL23,BL30,32
BL23,BL31,35
BL23,BL32,37
BL23,BL33,40
BL23,BL34,42
BL23,BL35,45
BL23,BL36,45
BL23,BL37,45
BL23,BL38,45
BL24,BL24,17
BL24,BL25,17
BL24,BL26,20
BL24,BL27,22
BL24,BL28,25
BL24,BL29,27
BL24,BL30,30
BL24,BL31,32
BL24,BL32,35
BL24,BL33,37
BL24,BL34,40
BL24,BL35,42
BL24,BL36,45
BL24,BL37,45
BL24,BL38,45
BL25,BL25,17
BL25,BL26,17
BL25,BL27,20
BL25,BL28,22
BL25,BL29,25
BL25,BL30,27
BL25,BL31,30
BL25,BL32,32
BL25,BL33,35
BL25,BL34,37
BL25,BL35,40
BL25,BL36,42
BL25,BL37,45
BL25,BL38,45
BL26,BL26,17
BL26,BL27,17
BL26,BL28,20
BL26,BL29,22
BL26,BL30,25
BL26,BL31,27
BL26,BL32,30
BL26,BL33,32
BL26,BL34,35
BL26,BL35,37
BL26,BL36,40
BL26,BL37,42
BL26,BL38,45
BL26,S4,0
BL27,BL27,17
BL27,BL28,17
BL27,BL29,20
BL27,BL30,22
BL27,BL31,25
BL27,BL32,27
BL27,BL33,30
BL27,BL34,32
BL27,BL35,35
BL27,BL36,37
BL27,BL37,40
BL27,BL38,42
BL28,BL28,17
BL28,BL29,17
BL28,BL30,20
BL28,BL31,22
BL28,BL32,25
BL28,BL33,27
BL28,BL34,30
BL28,BL35,32
BL28,BL36,35
BL28,BL37,37
BL28,BL38,40
BL29,BL29,17
BL29,BL30,17
BL29,BL31,20
BL29,BL32,22
BL29,BL33,25
BL29,BL34,27
BL29,BL35,30
BL29,BL36,32
BL29,BL37,35
BL29,BL38,37
BL30,BL30,17
BL30,BL31,17
BL30,BL32,20
BL30,BL33,22
BL30,BL34,25
BL30,BL35,27
BL30,BL36,30
BL30,BL37,32
BL30,BL38,35
BL31,BL31,17
BL31,BL32,17
BL31,BL33,20
BL31,BL34,22
BL31,BL35,25
BL31,BL36,27
BL31,BL37,30
BL31,BL38,32
BL32,BL32,17
BL32,BL33,17
BL32,BL34,20
BL32,BL35,22
BL32,BL36,25
BL32,BL37,27
BL32,BL38,30
BL33,BL33,17
BL33,BL34,17
BL33,BL35,20
BL33,BL36,22
BL33,BL37,25
BL33,BL38,27
BL34,BL34,17
BL34,BL35,17
BL34,BL36,20
BL34,BL37,22
BL34,BL38,25
BL34,S14,0
BL35,BL35,17
BL35,BL36,17
BL35,BL37,20
BL35,BL38,22
BL36,BL36,17
BL36,BL37,17
BL36,BL38,20
BL37,BL37,17
BL38,BL38,17
R01,R02,17
R01,R03,26
R01,R04,29
R01,R05,32
R01,R06,36
R01,R07,38
R01,R08,40
R01,R09,42
R01,R10,42
R01,R11,42
R01,R12,42
R01,R13,42
R02,R02,12
R02,R03,21
R02,R04,24
R02,R05,27
R02,R06,32
R02,R07,34
R02,R08,35
R02,R09,38
R02,R10,42
R02,R11,42
R02,R12,42
R02,R13,42
R03,R03,12
R03,R04,15
R03,R05,18
R03,R06,23
R03,R07,25
R03,R08,26
R03,R09,29
R03,R10,33
R03,R11,39
R03,R12,42
R03,R13,42
R04,R04,12
R04,R05,15
R04,R06,20
R04,R07,22
R04,R08,23
R04,R09,26
R04,R10,30
R04,R11,36
R04,R12,42
R04,R13,42
R05,R05,12
R05,R06,17
R05,R07,19
R05,R08,20
R05,R09,23
R05,R10,27
R05,R11,33
R05,R12,42
R05,R13,42
R05,PK14,0
R06,R06,12
R06,R07,14
R06,R08,16
R06,R09,19
R06,R10,23
R06,R11,29
R06,R12,39
R06,R13,42
R07,R07,12
R07,R08,14
R07,R09,17
R07,R10,20
R07,R11,26
R07,R12,37
R07,R13,42
R08,R08,12
R08,R09,15
R08,R10,19
R08,R11,25
R08,R12,35
R08,R13,41
R09,R09,12
R09,R10,16
R09,R11,22
R09,R13,38
R10,R10,12
R10,R11,18
R10,R12,29
R10,R13,35
R10,BL11,0
R11,R11,12
R11,R12,23
R11,R13,29
R11,PP15,0
R12,R12,12
R12,R13,18
R13,R13,12
AP01,AP01,15
AP01,AP02,15
AP01,AP03,20
AP01,AP04,25
AP01,AP05,30
AP01,AP06,35
AP01,AP07,40
AP01,AP08,45
AP01,N02,0
AP02,AP02,15
AP02,AP03,15
AP02,AP04,20
AP02,AP05,28
AP02,AP06,30
AP02,AP07,35
AP02,AP08,40
AP03,AP03,15
AP03,AP04,15
AP03,AP05,20
AP03,AP06,25
AP03,AP07,30
AP03,AP08,35
AP03,BL21,0
AP04,AP04,15
AP04,AP05,15
AP04,AP06,20
AP04,AP07,25
AP04,AP08,30
AP05,AP05,15
AP05,AP06,15
AP05,AP07,20
AP05,AP08,25
AP05,YL11,0
AP06,AP06,15
AP06,AP07,15
AP06,AP08,20
AP07,AP07,15
AP07,AP08,15
G01,G01,16
G01,G02,16
G01,G03,16
G01,S9,0
G02,G02,16
G02,G03,16
G03,G03,16
N24,N24,15
N24,N23,15
N24,N22,15
N24,N21,15
N24,N20,15
N24,N19,15
N24,N18,15
N24,N17,15
N24,N16,15
N24,N15,15
N24,N14,15
N24,N13,15
N24,N12,15
N24,N11,15
N24,N10,15
N24,N09,15
N24,N08,15
N24,N07,32
N24,N05,43
N24,N04,47
N24,N03,50
N24,N02,55
N24,N01,58
N24,CEN,62
N24,E01,62
N24,E02,62
N24,E03,62
N24,E04,62
N24,E05,62
N24,E06,62
N24,E07,62
N24,E08,62
N24,E09,62
N24,E10,62
N24,E11,62
N24,E12,62
N24,E13,62
N24,E14,62
N24,E15,62
N24,E16,62
N24,E17,62
N24,E18,62
N24,E19,62
N24,E20,62
N24,E21,62
N24,E22,62
N24,E23,62
N23,N23,15
N23,N22,15
N23,N21,15
N23,N20,15
N23,N19,15
N23,N18,15
N23,N17,15
N23,N16,15
N23,N15,15
N23,N14,15
N23,N13,15
N23,N12,15
N23,N11,15
N23,N10,15
N23,N09,15
N23,N08,15
N23,N07,32
N23,N05,43
N23,N04,47
N23,N03,50
N23,N02,55
N23,N01,58
N23,CEN,62
N23,E01,62
N23,E02,62
N23,E03,62
N23,E04,62
N23,E05,62
N23,E06,62
N23,E07,62
N23,E08,62
N23,E09,62
N23,E10,62
N23,E11,62
N23,E12,62
N23,E13,62
N23,E14,62
N23,E15,62
N23,E16,62
N23,E17,62
N23,E18,62
N23,E19,62
N23,E20,62
N23,E21,62
N23,E22,62
N23,E23,62
N22,N22,15
N22,N21,15
N22,N20,15
N22,N19,15
N22,N17,15
N22,N16,15
N22,N15,15
N22,N14,15
N22,N13,15
N22,N12,15
N22,N11,15
N22,N10,15
N22,N09,15
N22,N08,15
N22,N07,32
N22,N05,43
N22,N04,47
N22,N03,50
N22,N02,55
N22,N01,58
N22,CEN,62
N22,E01,62
N22,E02,62
N22,E03,62
N22,E04,62
N22,E05,62
N22,E06,62
N22,E07,62
N22,E08,62
N22,E09,62
N22,E10,62
N22,E11,62
N22,E12,62
N22,E13,62
N22,E14,62
N22,E15,62
N22,E16,62
N22,E17,62
N22,E18,62
N22,E19,62
N22,E20,62
N22,E21,62
N22,E22,62
N22,E23,62
N21,N20,15
N21,N19,15
N21,N18,15
N21,N17,15
N21,N16,15
N21,N15,15
N21,N14,15
N21,N13,15
N21,N12,15
N21,N11,15
N21,N10,15
N21,N09,15
N21,N08,15
N21,N07,32
N21,N05,43
N21,N04,47
N21,N03,50
N21,N02,55
N21,N01,58
N21,CEN,62
N21,E01,62
N21,E02,62
N21,E03,62
N21,E04,62
N21,E05,62
N21,E06,62
N21,E07,62
N21,E08,62
N21,E09,62
N21,E10,62
N21,E11,62
N21,E12,62
N21,E13,62
N21,E14,62
N21,E15,62
N21,E16,62
N21,E17,62
N21,E18,62
N21,E19,62
N21,E20,62
N21,E21,62
N21,E22,62
N21,E23,62
N20,N20,15
N20,N19,15
N20,N18,15
N20,N17,15
N20,N16,15
N20,N15,15
N20,N14,15
N20,N13,15
N20,N12,15
N20,N11,15
N20,N10,15
N20,N09,15
N20,N08,15
N20,N07,32
N20,N05,43
N20,N04,47
N20,N03,50
N20,N02,55
N20,N01,58
N20,CEN,62
N20,E01,62
N20,E02,62
N20,E03,62
N20,E04,62
N20,E05,62
N20,E06,62
N20,E07,62
N20,E08,62
N20,E09,62
N20,E10,62
N20,E11,62
N20,E12,62
N20,E13,62
N20,E14,62
N20,E15,62
N20,E16,62
N20,E17,62
N20,E18,62
N20,E19,62
N20,E20,62
N20,E21,62
N20,E22,62
N20,E23,62
N19,N19,15
N19,N18,15
N19,N17,15
N19,N16,15
N19,N15,15
N19,N14,15
N19,N13,15
N19,N12,15
N19,N11,15
N19,N10,15
N19,N09,15
N19,N08,15
N19,N07,32
N19,N05,43
N19,N04,47
N19,N03,50
N19,N02,55
N19,N01,58
N19,CEN,62
N19,E01,62
N19,E02,62
N19,E03,62
N19,E04,62
N19,E05,62
N19,E06,62
N19,E07,62
N19,E08,62
N19,E09,62
N19,E10,62
N19,E11,62
N19,E12,62
N19,E13,62
N19,E14,62
N19,E15,62
N19,E16,62
N19,E17,62
N19,E18,62
N19,E19,62
N19,E20,62
N19,E21,62
N19,E22,62
N19,E23,62
N18,N18,15
N18,N17,15
N18,N16,15
N18,N15,15
N18,N14,15
N18,N13,15
N18,N12,15
N18,N11,15
N18,N10,15
N18,N09,15
N18,N08,15
N18,N07,32
N18,N05,43
N18,N04,47
N18,N03,50
N18,N02,55
N18,N01,58
N18,CEN,62
N18,E01,62
N18,E02,62
N18,E03,62
N18,E04,62
N18,E05,62
N18,E06,62
N18,E07,62
N18,E08,62
N18,E09,62
N18,E10,62
N18,E11,62
N18,E12,62
N18,E13,62
N18,E14,62
N18,E15,62
N18,E16,62
N18,E17,62
N18,E18,62
N18,E19,62
N18,E20,62
N18,E21,62
N18,E22,62
N18,E23,62
N17,PK16,0
N17,N17,15
N17,N16,15
N17,N15,15
N17,N14,15
N17,N13,15
N17,N12,15
N17,N11,15
N17,N10,15
N17,N09,15
N17,N08,15
N17,N07,32
N17,N05,43
N17,N04,47
N17,N03,50
N17,N02,55
N17,N01,58
N17,CEN,62
N17,E01,62
N17,E02,62
N17,E03,62
N17,E04,62
N17,E05,62
N17,E06,62
N17,E07,62
N17,E08,62
N17,E09,62
N17,E10,62
N17,E11,62
N17,E12,62
N17,E13,62
N17,E14,62
N17,E15,62
N17,E16,62
N17,E17,62
N17,E18,62
N17,E19,62
N17,E20,62
N17,E21,62
N17,E22,62
N17,E23,62
N16,N16,15
N16,N15,15
N16,N14,15
N16,N13,15
N16,N12,15
N16,N11,15
N16,N10,15
N16,N09,15
N16,N08,15
N16,N07,32
N16,N05,43
N16,N04,47
N16,N03,50
N16,N02,55
N16,N01,58
N16,CEN,62
N16,E01,62
N16,E02,62
N16,E03,62
N16,E04,62
N16,E05,62
N16,E06,62
N16,E07,62
N16,E08,62
N16,E09,62
N16,E10,62
N16,E11,62
N16,E12,62
N16,E13,62
N16,E14,62
N16,E15,62
N16,E16,62
N16,E17,62
N16,E18,62
N16,E19,62
N16,E20,62
N16,E21,62
N16,E22,62
N16,E23,62
N15,N15,15
N15,N14,15
N15,N13,15
N15,N12,15
N15,N11,15
N15,N10,15
N15,N09,15
N15,N08,15
N15,N07,32
N15,N05,43
N15,N04,47
N15,N03,50
N15,N02,55
N15,N01,58
N15,CEN,62
N15,E01,62
N15,E02,62
N15,E03,62
N15,E04,62
N15,E05,62
N15,E06,62
N15,E07,62
N15,E08,62
N15,E09,62
N15,E10,62
N15,E11,62
N15,E12,62
N15,E13,62
N15,E14,62
N15,E15,62
N15,E16,62
N15,E17,62
N15,E18,62
N15,E19,62
N15,E20,62
N15,E21,62
N15,E22,62
N15,E23,62
N14,N14,15
N14,N13,15
N14,N12,15
N14,N11,15
N14,N10,15
N14,N09,15
N14,N08,15
N14,N07,32
N14,N05,43
N14,N04,47
N14,N03,50
N14,N02,55
N14,N01,58
N14,CEN,62
N14,E01,62
N14,E02,62
N14,E03,62
N14,E04,62
N14,E05,62
N14,E06,62
N14,E07,62
N14,E08,62
N14,E09,62
N14,E10,62
N14,E11,62
N14,E12,62
N14,E13,62
N14,E14,62
N14,E15,62
N14,E16,62
N14,E17,62
N14,E18,62
N14,E19,62
N14,E20,62
N14,E21,62
N14,E22,62
N14,E23,62
N13,N13,15
N13,N12,15
N13,N11,15
N13,N10,15
N13,N09,15
N13,N08,15
N13,N07,32
N13,N05,43
N13,N04,47
N13,N03,50
N13,N02,55
N13,N01,58
N13,CEN,62
N13,E01,62
N13,E03,62
N13,E04,62
N13,E05,62
N13,E06,62
N13,E07,62
N13,E08,62
N13,E09,62
N13,E10,62
N13,E11,62
N13,E12,62
N13,E13,62
N13,E14,62
N13,E15,62
N13,E16,62
N13,E17,62
N13,E18,62
N13,E19,62
N13,E20,62
N13,E21,62
N13,E22,62
N13,E23,62
N12,N12,15
N12,N11,15
N12,N10,15
N12,N09,15
N12,N08,15
N12,N07,32
N12,N05,43
N12,N04,47
N12,N03,50
N12,N02,55
N12,N01,58
N12,CEN,62
N12,E01,62
N12,E02,62
N12,E03,62
N12,E04,62
N12,E05,62
N12,E06,62
N12,E07,62
N12,E08,62
N12,E09,62
N12,E10,62
N12,E11,62
N12,E12,62
N12,E13,62
N12,E14,62
N12,E15,62
N12,E16,62
N12,E17,62
N12,E18,62
N12,E19,62
N12,E20,62
N12,E21,62
N12,E22,62
N12,E23,62
N11,N11,15
N11,N10,15
N11,N09,15
N11,N08,15
N11,N07,32
N11,N05,43
N11,N04,47
N11,N03,50
N11,N02,55
N11,N01,58
N11,CEN,62
N11,E01,62
N11,E02,62
N11,E03,62
N11,E04,62
N11,E05,62
N11,E06,62
N11,E07,62
N11,E08,62
N11,E09,62
N11,E10,62
N11,E11,62
N11,E12,62
N11,E13,62
N11,E14,62
N11,E15,62
N11,E16,62
N11,E17,62
N11,E18,62
N11,E19,62
N11,E20,62
N11,E21,62
N11,E22,62
N11,E23,62
N10,N10,15
N10,N09,15
N10,N08,15
N10,N07,32
N10,N05,43
N10,N04,47
N10,N03,50
N10,N02,55
N10,N01,58
N10,CEN,62
N10,E01,62
N10,E02,62
N10,E03,62
N10,E04,62
N10,E05,62
N10,E06,62
N10,E07,62
N10,E08,62
N10,E09,62
N10,E10,62
N10,E11,62
N10,E12,62
N10,E13,62
N10,E14,62
N10,E15,62
N10,E16,62
N10,E17,62
N10,E18,62
N10,E19,62
N10,E20,62
N10,E21,62
N10,E22,62
N10,E23,62
N09,BL14,0
N09,N09,15
N09,N08,15
N09,N07,32
N09,N05,43
N09,N04,47
N09,N03,50
N09,N02,55
N09,N01,58
N09,CEN,62
N09,E01,62
N09,E02,62
N09,E03,62
N09,E04,62
N09,E05,62
N09,E06,62
N09,E07,62
N09,E08,62
N09,E09,62
N09,E10,62
N09,E11,62
N09,E12,62
N09,E13,62
N09,E14,62
N09,E15,62
N09,E16,62
N09,E17,62
N09,E18,62
N09,E19,62
N09,E20,62
N09,E21,62
N09,E22,62
N09,E23,62
N08,BL13,0
N08,N08,17
N08,N07,17
N08,N05,28
N08,N04,32
N08,N03,35
N08,N02,40
N08,N01,43
N08,CEN,47
N08,E01,47
N08,E02,47
N08,E03,47
N08,E04,47
N08,E05,47
N08,E06,47
N08,E07,47
N08,E08,47
N08,E09,47
N08,E10,62
N08,E11,62
N08,E12,62
N08,E13,62
N08,E14,62
N08,E15,62
N08,E16,62
N08,E17,62
N08,E18,62
N08,E19,62
N08,E20,62
N08,E21,62
N08,E22,62
N08,E23,62
N07,N07,17
N07,N05,25
N07,N04,28
N07,N03,32
N07,N02,35
N07,N01,40
N07,CEN,43
N07,E01,47
N07,E02,47
N07,E03,47
N07,E04,47
N07,E05,47
N07,E06,47
N07,E07,47
N07,E08,47
N07,E09,47
N07,E10,62
N07,E11,62
N07,E12,62
N07,E13,62
N07,E14,62
N07,E15,62
N07,E16,62
N07,E17,62
N07,E18,62
N07,E19,62
N07,E20,62
N07,E21,62
N07,E22,62
N07,E23,62
N05,N05,17
N05,N04,17
N05,N03,25
N05,N02,28
N05,N01,32
N05,CEN,35
N05,E01,40
N05,E02,43
N05,E03,47
N05,E04,47
N05,E05,47
N05,E06,47
N05,E07,47
N05,E08,47
N05,E09,47
N05,E10,62
N05,E11,62
N05,E12,62
N05,E13,62
N05,E14,62
N05,E15,62
N05,E16,62
N05,E17,62
N05,E18,62
N05,E19,62
N05,E20,62
N05,E21,62
N05,E22,62
N05,E23,62
N04,N04,17
N04,N03,17
N04,N02,25
N04,N01,28
N04,CEN,32
N04,E01,35
N04,E02,40
N04,E03,43
N04,E04,47
N04,E05,47
N04,E06,47
N04,E07,47
N04,E08,47
N04,E09,47
N04,E10,62
N04,E11,62
N04,E12,62
N04,E13,62
N04,E14,62
N04,E15,62
N04,E16,62
N04,E17,62
N04,E18,62
N04,E19,62
N04,E20,62
N04,E21,62
N04,E22,62
N04,E23,62
N03,N03,17
N03,N02,17
N03,N01,25
N03,CEN,28
N03,E01,32
N03,E02,35
N03,E03,40
N03,E04,43
N03,E05,47
N03,E06,47
N03,E07,47
N03,E08,47
N03,E09,47
N03,E10,62
N03,E11,62
N03,E12,62
N03,E13,62
N03,E14,62
N03,E15,62
N03,E16,62
N03,E17,62
N03,E18,62
N03,E19,62
N03,E20,62
N03,E21,62
N03,E22,62
N03,E23,62
N02,AP01,0
N02,N02,17
N02,N01,17
N02,CEN,25
N02,E01,28
N02,E02,32
N02,E03,35
N02,E04,40
N02,E05,43
N02,E06,47
N02,E07,47
N02,E08,47
N02,E09,47
N02,E10,62
N02,E11,62
N02,E12,62
N02,E13,62
N02,E14,62
N02,E15,62
N02,E16,62
N02,E17,62
N02,E18,62
N02,E19,62
N02,E20,62
N02,E21,62
N02,E22,62
N02,E23,62
N01,N01,17
N01,CEN,17
N01,E01,25
N01,E02,28
N01,E03,32
N01,E04,35
N01,E05,40
N01,E06,43
N01,E07,47
N01,E08,47
N01,E09,47
N01,E10,62
N01,E11,62
N01,E12,62
N01,E13,62
N01,E14,62
N01,E15,62
N01,E16,62
N01,E17,62
N01,E18,62
N01,E19,62
N01,E20,62
N01,E21,62
N01,E22,62
N01,E23,62
CEN,S2,0
CEN,CEN,17
CEN,E01,17
CEN,E02,25
CEN,E03,28
CEN,E04,32
CEN,E05,35
CEN,E06,40
CEN,E07,43
CEN,E08,47
CEN,E09,47
CEN,E10,62
CEN,E11,62
CEN,E12,62
CEN,E13,62
CEN,E14,62
CEN,E15,62
CEN,E16,62
CEN,E17,62
CEN,E18,62
CEN,E19,62
CEN,E20,62
CEN,E21,62
CEN,E22,62
CEN,E23,62
E01,E01,17
E01,E02,17
E01,E03,25
E01,E04,28
E01,E05,32
E01,E06,35
E01,E07,40
E01,E08,43
E01,E09,47
E01,E10,62
E01,E11,62
E01,E12,62
E01,E13,62
E01,E14,62
E01,E15,62
E01,E16,62
E01,E17,62
E01,E18,62
E01,E19,62
E01,E20,62
E01,E21,62
E01,E22,62
E01,E23,62
E02,E02,17
E02,E03,17
E02,E04,25
E02,E05,28
E02,E06,32
E02,E07,35
E02,E08,40
E02,E09,43
E02,E10,58
E02,E11,62
E02,E12,62
E02,E13,62
E02,E14,62
E02,E15,62
E02,E16,62
E02,E17,62
E02,E18,62
E02,E19,62
E02,E20,62
E02,E21,62
E02,E22,62
E02,E23,62
E03,E03,17
E03,E04,17
E03,E05,25
E03,E06,28
E03,E07,32
E03,E08,35
E03,E09,40
E03,E10,55
E03,E11,55
E03,E12,55
E03,E13,55
E03,E14,55
E03,E15,55
E03,E16,55
E03,E17,55
E03,E18,55
E03,E19,55
E03,E20,55
E03,E21,55
E03,E22,55
E03,E23,55
E04,BL22,0
E04,E04,17
E04,E05,17
E04,E06,25
E04,E07,28
E04,E08,32
E04,E09,35
E04,E10,40
E04,E11,50
E04,E12,50
E04,E13,50
E04,E14,50
E04,E15,50
E04,E16,50
E04,E17,50
E04,E18,50
E04,E19,50
E04,E20,50
E04,E21,50
E04,E22,50
E04,E23,50
E05,E05,17
E05,E06,17
E05,E07,25
E05,E08,28
E05,E09,32
E05,E10,47
E05,E11,47
E05,E12,47
E05,E13,47
E05,E14,47
E05,E15,47
E05,E16,47
E05,E17,47
E05,E18,47
E05,E19,47
E05,E20,47
E05,E21,47
E05,E22,47
E05,E23,47
E06,E06,17
E06,E07,17
E06,E08,25
E06,E09,28
E06,E10,43
E06,E11,43
E06,E12,43
E06,E13,43
E06,E14,43
E06,E15,43
E06,E16,43
E06,E17,43
E06,E18,43
E06,E19,43
E06,E20,43
E06,E21,43
E06,E22,43
E06,E23,43
E07,E07,17
E07,E08,17
E07,E09,25
E07,E10,40
E07,E11,40
E07,E12,40
E07,E13,40
E07,E14,40
E07,E15,40
E07,E16,40
E07,E17,40
E07,E18,40
E07,E19,40
E07,E20,40
E07,E21,40
E07,E22,40
E07,E23,40
E08,E08,17
E08,E09,17
E08,E10,32
E08,E11,32
E08,E12,32
E08,E13,32
E08,E14,32
E08,E15,32
E08,E16,32
E08,E17,32
E08,E18,32
E08,E19,32
E08,E20,32
E08,E21,32
E08,E22,32
E08,E23,32
E09,E09,15
E09,E10,15
E09,E11,15
E09,E12,15
E09,E13,15
E09,E14,15
E09,E15,15
E09,E16,15
E09,E17,15
E09,E18,15
E09,E19,15
E09,E20,15
E09,E21,15
E09,E22,15
E09,E23,15
E10,E10,15
E10,E11,15
E10,E12,15
E10,E13,15
E10,E14,15
E10,E15,15
E10,E16,15
E10,E17,15
E10,E18,15
E10,E19,15
E10,E20,15
E10,E21,15
E10,E22,15
E10,E23,15
E11,E11,15
E11,E12,15
E11,E13,15
E11,E14,15
E11,E15,15
E11,E16,15
E11,E17,15
E11,E18,15
E11,E19,15
E11,E20,15
E11,E21,15
E11,E22,15
E11,E23,15
E12,E12,15
E12,E13,15
E12,E14,15
E12,E15,15
E12,E16,15
E12,E17,15
E12,E18,15
E12,E19,15
E12,E20,15
E12,E21,15
E12,E22,15
E12,E23,15
E13,E13,15
E13,E14,15
E13,E15,15
E13,E16,15
E13,E17,15
E13,E18,15
E13,E19,15
E13,E20,15
E13,E21,15
E13,E22,15
E13,E23,15
E14,E14,15
E14,E15,15
E14,E16,15
E14,E17,15
E14,E18,15
E14,E19,15
E14,E20,15
E14,E21,15
E14,E22,15
E14,E23,15
E15,YL23,0
E15,E15,15
E15,E16,15
E15,E17,15
E15,E18,15
E15,E19,15
E15,E20,15
E15,E21,15
E15,E22,15
E15,E23,15
E16,E16,15
E16,E17,15
E16,E18,15
E16,E19,15
E16,E20,15
E16,E21,15
E16,E22,15
E16,E23,15
E17,E17,15
E17,E18,15
E17,E19,15
E17,E20,15
E17,E21,15
E17,E22,15
E17,E23,15
E18,E18,15
E18,E19,15
E18,E20,15
E18,E21,15
E18,E22,15
E18,E23,15
E19,E19,15
E19,E20,15
E19,E21,15
E19,E22,15
E19,E23,15
E20,E20,15
E20,E21,15
E20,E22,15
E20,E23,15
E21,E21,15
E21,E22,15
E21,E23,15
E22,E22,15
E22,E23,15
E23,E23,15